{
  "pipelineConfig" : {
    "schemaVersion" : 6,
    "version" : 22,
    "pipelineId" : "002Retai15424d43-d7f2-4a72-8301-55c2c0937236",
    "title" : "Retail Transactions - GCP",
    "description" : "Reads from S3 and writes to ADLS",
    "uuid" : "4c6408a8-8286-48c3-83c9-534d01de0c32",
    "configuration" : [ {
      "name" : "executionMode",
      "value" : "BATCH"
    }, {
      "name" : "edgeHttpUrl",
      "value" : "http://localhost:18633"
    }, {
      "name" : "deliveryGuarantee",
      "value" : "AT_LEAST_ONCE"
    }, {
      "name" : "testOriginStage",
      "value" : "streamsets-datacollector-dev-lib::com_streamsets_pipeline_stage_devtest_rawdata_RawDataDSource::3"
    }, {
      "name" : "startEventStage",
      "value" : "streamsets-datacollector-basic-lib::com_streamsets_pipeline_stage_destination_devnull_ToErrorNullDTarget::1"
    }, {
      "name" : "stopEventStage",
      "value" : "streamsets-datacollector-basic-lib::com_streamsets_pipeline_stage_destination_devnull_ToErrorNullDTarget::1"
    }, {
      "name" : "shouldRetry",
      "value" : true
    }, {
      "name" : "retryAttempts",
      "value" : -1
    }, {
      "name" : "notifyOnStates",
      "value" : [ "RUN_ERROR", "STOPPED", "FINISHED" ]
    }, {
      "name" : "emailIDs",
      "value" : [ ]
    }, {
      "name" : "constants",
      "value" : [ ]
    }, {
      "name" : "badRecordsHandling",
      "value" : null
    }, {
      "name" : "errorRecordPolicy",
      "value" : "ORIGINAL_RECORD"
    }, {
      "name" : "workerCount",
      "value" : 0
    }, {
      "name" : "clusterSlaveMemory",
      "value" : 2048
    }, {
      "name" : "clusterSlaveJavaOpts",
      "value" : "-XX:+UseConcMarkSweepGC -XX:+UseParNewGC -Dlog4j.debug"
    }, {
      "name" : "clusterLauncherEnv",
      "value" : [ ]
    }, {
      "name" : "mesosDispatcherURL",
      "value" : null
    }, {
      "name" : "logLevel",
      "value" : "ERROR"
    }, {
      "name" : "hdfsS3ConfDir",
      "value" : null
    }, {
      "name" : "rateLimit",
      "value" : 0
    }, {
      "name" : "maxRunners",
      "value" : 0
    }, {
      "name" : "shouldCreateFailureSnapshot",
      "value" : true
    }, {
      "name" : "runnerIdleTIme",
      "value" : 60
    }, {
      "name" : "webhookConfigs",
      "value" : [ ]
    }, {
      "name" : "sparkConfigs",
      "value" : [ {
        "key" : "spark.driver.memory",
        "value" : "4G"
      }, {
        "key" : "spark.driver.cores",
        "value" : "4"
      }, {
        "key" : "spark.executor.memory",
        "value" : "4G"
      }, {
        "key" : "spark.executor.cores",
        "value" : "4"
      }, {
        "key" : "spark.executor.instances",
        "value" : "4"
      } ]
    }, {
      "name" : "clusterConfig.clusterType",
      "value" : "DATAPROC"
    }, {
      "name" : "clusterConfig.sparkMasterUrl",
      "value" : "local[*]"
    }, {
      "name" : "clusterConfig.deployMode",
      "value" : "CLIENT"
    }, {
      "name" : "clusterConfig.hadoopUserName",
      "value" : null
    }, {
      "name" : "clusterConfig.sparkAppName",
      "value" : "${pipeline:title()}"
    }, {
      "name" : "clusterConfig.stagingDir",
      "value" : "/webinar"
    }, {
      "name" : "clusterConfig.useYarnKerberosKeytab",
      "value" : false
    }, {
      "name" : "clusterConfig.yarnKerberosKeytabSource",
      "value" : "PROPERTIES_FILE"
    }, {
      "name" : "clusterConfig.yarnKerberosKeytab",
      "value" : null
    }, {
      "name" : "clusterConfig.yarnKerberosPrincipal",
      "value" : "name@DOMAIN"
    }, {
      "name" : "databricksConfig.baseUrl",
      "value" : "https://dbc-5a9fba6c-c704.cloud.databricks.com"
    }, {
      "name" : "databricksConfig.credentialType",
      "value" : "TOKEN"
    }, {
      "name" : "databricksConfig.username",
      "value" : null
    }, {
      "name" : "databricksConfig.password",
      "value" : null
    }, {
      "name" : "databricksConfig.token",
      "value" : ""
    }, {
      "name" : "databricksConfig.provisionNewCluster",
      "value" : false
    }, {
      "name" : "databricksConfig.clusterId",
      "value" : "0924-191143-round843"
    }, {
      "name" : "databricksConfig.clusterConfig",
      "value" : "{\n    \"num_workers\": 8,\n    \"spark_version\": \"5.3.x-scala2.11\",\n    \"node_type_id\": \"i3.xlarge\"\n}"
    }, {
      "name" : "databricksConfig.terminateCluster",
      "value" : false
    }, {
      "name" : "livyConfig.baseUrl",
      "value" : "https://localhost:30443/gateway/default/livy/v1/"
    }, {
      "name" : "livyConfig.username",
      "value" : null
    }, {
      "name" : "livyConfig.password",
      "value" : null
    }, {
      "name" : "amazonEMRConfig.userRegion",
      "value" : null
    }, {
      "name" : "amazonEMRConfig.userRegionCustom",
      "value" : null
    }, {
      "name" : "amazonEMRConfig.accessKey",
      "value" : null
    }, {
      "name" : "amazonEMRConfig.secretKey",
      "value" : null
    }, {
      "name" : "amazonEMRConfig.s3StagingUri",
      "value" : null
    }, {
      "name" : "amazonEMRConfig.provisionNewCluster",
      "value" : false
    }, {
      "name" : "amazonEMRConfig.clusterId",
      "value" : null
    }, {
      "name" : "amazonEMRConfig.clusterPrefix",
      "value" : null
    }, {
      "name" : "amazonEMRConfig.terminateCluster",
      "value" : false
    }, {
      "name" : "amazonEMRConfig.loggingEnabled",
      "value" : true
    }, {
      "name" : "amazonEMRConfig.s3LogUri",
      "value" : null
    }, {
      "name" : "amazonEMRConfig.enableEMRDebugging",
      "value" : true
    }, {
      "name" : "amazonEMRConfig.serviceRole",
      "value" : "EMR_DefaultRole"
    }, {
      "name" : "amazonEMRConfig.jobFlowRole",
      "value" : "EMR_EC2_DefaultRole"
    }, {
      "name" : "amazonEMRConfig.visibleToAllUsers",
      "value" : true
    }, {
      "name" : "amazonEMRConfig.ec2SubnetId",
      "value" : null
    }, {
      "name" : "amazonEMRConfig.masterSecurityGroup",
      "value" : null
    }, {
      "name" : "amazonEMRConfig.slaveSecurityGroup",
      "value" : null
    }, {
      "name" : "amazonEMRConfig.instanceCount",
      "value" : 2
    }, {
      "name" : "amazonEMRConfig.masterInstanceType",
      "value" : null
    }, {
      "name" : "amazonEMRConfig.masterInstanceTypeCustom",
      "value" : null
    }, {
      "name" : "amazonEMRConfig.slaveInstanceType",
      "value" : null
    }, {
      "name" : "amazonEMRConfig.slaveInstanceTypeCustom",
      "value" : null
    }, {
      "name" : "advancedErrorHandling",
      "value" : false
    }, {
      "name" : "ludicrousMode",
      "value" : false
    }, {
      "name" : "ludicrousModeInputCount",
      "value" : false
    }, {
      "name" : "advancedErrorHandling",
      "value" : false
    }, {
      "name" : "triggerInterval",
      "value" : 2000
    }, {
      "name" : "preprocessScript",
      "value" : ""
    }, {
      "name" : "transformerEMRConfig.userRegion",
      "value" : null
    }, {
      "name" : "transformerEMRConfig.userRegionCustom",
      "value" : null
    }, {
      "name" : "transformerEMRConfig.s3StagingUri",
      "value" : null
    }, {
      "name" : "transformerEMRConfig.clusterPrefix",
      "value" : null
    }, {
      "name" : "transformerEMRConfig.clusterId",
      "value" : null
    }, {
      "name" : "transformerEMRConfig.terminateCluster",
      "value" : false
    }, {
      "name" : "transformerEMRConfig.s3LogUri",
      "value" : null
    }, {
      "name" : "transformerEMRConfig.serviceRole",
      "value" : "EMR_DefaultRole"
    }, {
      "name" : "transformerEMRConfig.jobFlowRole",
      "value" : "EMR_EC2_DefaultRole"
    }, {
      "name" : "transformerEMRConfig.visibleToAllUsers",
      "value" : true
    }, {
      "name" : "transformerEMRConfig.loggingEnabled",
      "value" : true
    }, {
      "name" : "transformerEMRConfig.ec2SubnetId",
      "value" : null
    }, {
      "name" : "transformerEMRConfig.masterSecurityGroup",
      "value" : null
    }, {
      "name" : "transformerEMRConfig.slaveSecurityGroup",
      "value" : null
    }, {
      "name" : "transformerEMRConfig.instanceCount",
      "value" : 2
    }, {
      "name" : "transformerEMRConfig.masterInstanceType",
      "value" : null
    }, {
      "name" : "transformerEMRConfig.slaveInstanceType",
      "value" : null
    }, {
      "name" : "transformerEMRConfig.masterInstanceTypeCustom",
      "value" : null
    }, {
      "name" : "transformerEMRConfig.slaveInstanceTypeCustom",
      "value" : null
    }, {
      "name" : "transformerEMRConfig.accessKey",
      "value" : null
    }, {
      "name" : "transformerEMRConfig.secretKey",
      "value" : null
    }, {
      "name" : "transformerEMRConfig.provisionNewCluster",
      "value" : false
    }, {
      "name" : "transformerEMRConfig.useIAMRoles",
      "value" : false
    }, {
      "name" : "clusterConfig.callbackUrl",
      "value" : "http://7cfe3a30a4f4.ngrok.io"
    }, {
      "name" : "transformerEMRConfig.emrVersion",
      "value" : null
    }, {
      "name" : "transformerEMRConfig.serviceAccessSecurityGroup",
      "value" : null
    }, {
      "name" : "googleCloudConfig.region",
      "value" : "US_WEST_1"
    }, {
      "name" : "googleCloudConfig.customRegion",
      "value" : null
    }, {
      "name" : "googleCloudConfig.gcsStagingUri",
      "value" : "gs://streamsets-support/rishi-transformer/streamsets"
    }, {
      "name" : "googleCloudConfig.create",
      "value" : false
    }, {
      "name" : "googleCloudConfig.clusterPrefix",
      "value" : null
    }, {
      "name" : "googleCloudConfig.version",
      "value" : "1.4-ubuntu18"
    }, {
      "name" : "googleCloudConfig.masterType",
      "value" : null
    }, {
      "name" : "googleCloudConfig.workerType",
      "value" : null
    }, {
      "name" : "googleCloudConfig.networkType",
      "value" : null
    }, {
      "name" : "googleCloudConfig.network",
      "value" : null
    }, {
      "name" : "googleCloudConfig.subnet",
      "value" : null
    }, {
      "name" : "googleCloudConfig.tags",
      "value" : [ ]
    }, {
      "name" : "googleCloudConfig.workerCount",
      "value" : 2
    }, {
      "name" : "googleCloudConfig.clusterName",
      "value" : "cluster-6800"
    }, {
      "name" : "googleCloudConfig.terminate",
      "value" : false
    }, {
      "name" : "googleCloudCredentialsConfig.projectId",
      "value" : "customer-support-217822"
    }, {
      "name" : "googleCloudCredentialsConfig.credentialsProvider",
      "value" : "JSON"
    }, {
      "name" : "googleCloudCredentialsConfig.path",
      "value" : "/Users/giuseppe/persistent/resources/google"
    }, {
      "name" : "googleCloudCredentialsConfig.credentialsFileContent",
      "value" : ""
    }, {
      "name" : "clusterConfig.yarnKerberosKeytabBase64Bytes",
      "value" : null
    }, {
      "name" : "sdcEmrConnectionSelection",
      "value" : "MANUAL"
    }, {
      "name" : "sdcEmrConnection.awsConfig.credentialMode",
      "value" : "WITH_CREDENTIALS"
    }, {
      "name" : "sdcEmrConnection.awsConfig.awsAccessKeyId",
      "value" : null
    }, {
      "name" : "sdcEmrConnection.awsConfig.awsSecretAccessKey",
      "value" : null
    }, {
      "name" : "sdcEmrConnection.awsConfig.roleARN",
      "value" : ""
    }, {
      "name" : "sdcEmrConnection.awsConfig.roleSessionName",
      "value" : null
    }, {
      "name" : "sdcEmrConnection.awsConfig.sessionDuration",
      "value" : 3600
    }, {
      "name" : "sdcEmrConnection.awsConfig.setSessionTags",
      "value" : true
    }, {
      "name" : "sdcEmrConnection.region",
      "value" : "US_WEST_2"
    }, {
      "name" : "sdcEmrConnection.customRegion",
      "value" : null
    }, {
      "name" : "sdcEmrConnection.s3StagingUri",
      "value" : null
    }, {
      "name" : "sdcEmrConnection.provisionNewCluster",
      "value" : false
    }, {
      "name" : "sdcEmrConnection.clusterId",
      "value" : null
    }, {
      "name" : "sdcEmrConnection.emrVersion",
      "value" : null
    }, {
      "name" : "sdcEmrConnection.clusterPrefix",
      "value" : null
    }, {
      "name" : "sdcEmrConnection.terminateCluster",
      "value" : true
    }, {
      "name" : "sdcEmrConnection.loggingEnabled",
      "value" : true
    }, {
      "name" : "sdcEmrConnection.s3LogUri",
      "value" : null
    }, {
      "name" : "sdcEmrConnection.serviceRole",
      "value" : "EMR_DefaultRole"
    }, {
      "name" : "sdcEmrConnection.jobFlowRole",
      "value" : "EMR_EC2_DefaultRole"
    }, {
      "name" : "sdcEmrConnection.visibleToAllUsers",
      "value" : true
    }, {
      "name" : "sdcEmrConnection.ec2SubnetId",
      "value" : null
    }, {
      "name" : "sdcEmrConnection.masterSecurityGroup",
      "value" : null
    }, {
      "name" : "sdcEmrConnection.slaveSecurityGroup",
      "value" : null
    }, {
      "name" : "sdcEmrConnection.serviceAccessSecurityGroup",
      "value" : null
    }, {
      "name" : "sdcEmrConnection.instanceCount",
      "value" : 2
    }, {
      "name" : "sdcEmrConnection.stepConcurrency",
      "value" : 1
    }, {
      "name" : "sdcEmrConnection.masterInstanceType",
      "value" : null
    }, {
      "name" : "sdcEmrConnection.masterInstanceTypeCustom",
      "value" : null
    }, {
      "name" : "sdcEmrConnection.slaveInstanceType",
      "value" : null
    }, {
      "name" : "sdcEmrConnection.slaveInstanceTypeCustom",
      "value" : null
    }, {
      "name" : "enableEMRDebugging",
      "value" : true
    }, {
      "name" : "transformerEmrConnectionSelection",
      "value" : "MANUAL"
    }, {
      "name" : "transformerEmrConnection.awsConfig.credentialMode",
      "value" : "WITH_CREDENTIALS"
    }, {
      "name" : "transformerEmrConnection.awsConfig.awsAccessKeyId",
      "value" : null
    }, {
      "name" : "transformerEmrConnection.awsConfig.awsSecretAccessKey",
      "value" : null
    }, {
      "name" : "transformerEmrConnection.awsConfig.roleARN",
      "value" : ""
    }, {
      "name" : "transformerEmrConnection.awsConfig.roleSessionName",
      "value" : null
    }, {
      "name" : "transformerEmrConnection.awsConfig.sessionDuration",
      "value" : 3600
    }, {
      "name" : "transformerEmrConnection.awsConfig.setSessionTags",
      "value" : true
    }, {
      "name" : "transformerEmrConnection.region",
      "value" : "US_WEST_2"
    }, {
      "name" : "transformerEmrConnection.customRegion",
      "value" : null
    }, {
      "name" : "transformerEmrConnection.s3StagingUri",
      "value" : null
    }, {
      "name" : "transformerEmrConnection.provisionNewCluster",
      "value" : false
    }, {
      "name" : "transformerEmrConnection.clusterId",
      "value" : null
    }, {
      "name" : "transformerEmrConnection.emrVersion",
      "value" : null
    }, {
      "name" : "transformerEmrConnection.clusterPrefix",
      "value" : null
    }, {
      "name" : "transformerEmrConnection.terminateCluster",
      "value" : true
    }, {
      "name" : "transformerEmrConnection.loggingEnabled",
      "value" : true
    }, {
      "name" : "transformerEmrConnection.s3LogUri",
      "value" : null
    }, {
      "name" : "transformerEmrConnection.serviceRole",
      "value" : "EMR_DefaultRole"
    }, {
      "name" : "transformerEmrConnection.jobFlowRole",
      "value" : "EMR_EC2_DefaultRole"
    }, {
      "name" : "transformerEmrConnection.visibleToAllUsers",
      "value" : true
    }, {
      "name" : "transformerEmrConnection.ec2SubnetId",
      "value" : null
    }, {
      "name" : "transformerEmrConnection.masterSecurityGroup",
      "value" : null
    }, {
      "name" : "transformerEmrConnection.slaveSecurityGroup",
      "value" : null
    }, {
      "name" : "transformerEmrConnection.serviceAccessSecurityGroup",
      "value" : null
    }, {
      "name" : "transformerEmrConnection.instanceCount",
      "value" : 2
    }, {
      "name" : "transformerEmrConnection.stepConcurrency",
      "value" : 1
    }, {
      "name" : "transformerEmrConnection.masterInstanceType",
      "value" : null
    }, {
      "name" : "transformerEmrConnection.masterInstanceTypeCustom",
      "value" : null
    }, {
      "name" : "transformerEmrConnection.slaveInstanceType",
      "value" : null
    }, {
      "name" : "transformerEmrConnection.slaveInstanceTypeCustom",
      "value" : null
    }, {
      "name" : "transformerEMRConfig.encryption",
      "value" : "NONE"
    }, {
      "name" : "transformerEMRConfig.kmsKeyId",
      "value" : null
    }, {
      "name" : "statsAggregatorStage",
      "value" : "streamsets-spark-basic-lib::com_streamsets_pipeline_stage_destination_devnull_StatsDpmDirectlyDTarget::1"
    } ],
    "uiInfo" : {
      "schemaFromPreview" : {
        "GoogleCloudStorage_05OutputLane16063023062840" : {
          "header" : { },
          "value" : {
            "type" : "LIST_MAP",
            "value" : [ {
              "type" : "LONG",
              "sqpath" : "average_monthly_usage",
              "dqpath" : "average_monthly_usage"
            }, {
              "type" : "LONG",
              "sqpath" : "maximum_order_quantity",
              "dqpath" : "maximum_order_quantity"
            }, {
              "type" : "LONG",
              "sqpath" : "minimum_order_quantity",
              "dqpath" : "minimum_order_quantity"
            }, {
              "type" : "LONG",
              "sqpath" : "onhand_quantity",
              "dqpath" : "onhand_quantity"
            }, {
              "type" : "STRING",
              "sqpath" : "order_date_time",
              "dqpath" : "order_date_time"
            }, {
              "type" : "LONG",
              "sqpath" : "order_quantity",
              "dqpath" : "order_quantity"
            }, {
              "type" : "DOUBLE",
              "sqpath" : "package_weight",
              "dqpath" : "package_weight"
            }, {
              "type" : "STRING",
              "sqpath" : "product_id",
              "dqpath" : "product_id"
            }, {
              "type" : "LONG",
              "sqpath" : "product_lead_time",
              "dqpath" : "product_lead_time"
            }, {
              "type" : "STRING",
              "sqpath" : "store_id",
              "dqpath" : "store_id"
            }, {
              "type" : "LONG",
              "sqpath" : "store_size",
              "dqpath" : "store_size"
            }, {
              "type" : "LONG",
              "sqpath" : "store_zip",
              "dqpath" : "store_zip"
            }, {
              "type" : "STRING",
              "sqpath" : "unit_of_measure",
              "dqpath" : "unit_of_measure"
            }, {
              "type" : "DOUBLE",
              "sqpath" : "unit_price",
              "dqpath" : "unit_price"
            }, {
              "type" : "DOUBLE",
              "sqpath" : "unit_weight",
              "dqpath" : "unit_weight"
            } ],
            "sqpath" : "",
            "dqpath" : ""
          }
        },
        "Aggregate_02OutputLane15597176886690" : {
          "header" : { },
          "value" : {
            "type" : "LIST_MAP",
            "value" : [ {
              "type" : "LONG",
              "sqpath" : "store_zip",
              "dqpath" : "store_zip"
            }, {
              "type" : "DOUBLE",
              "sqpath" : "unitprice",
              "dqpath" : "unitprice"
            }, {
              "type" : "DOUBLE",
              "sqpath" : "pkgweight",
              "dqpath" : "pkgweight"
            } ],
            "sqpath" : "",
            "dqpath" : ""
          }
        },
        "StreamSelector_01OutputLane1559717414048" : {
          "header" : { },
          "value" : {
            "type" : "LIST_MAP",
            "value" : [ {
              "type" : "LONG",
              "sqpath" : "store_zip",
              "dqpath" : "store_zip"
            }, {
              "type" : "LONG",
              "sqpath" : "average_monthly_usage",
              "dqpath" : "average_monthly_usage"
            }, {
              "type" : "LONG",
              "sqpath" : "maximum_order_quantity",
              "dqpath" : "maximum_order_quantity"
            }, {
              "type" : "LONG",
              "sqpath" : "minimum_order_quantity",
              "dqpath" : "minimum_order_quantity"
            }, {
              "type" : "LONG",
              "sqpath" : "onhand_quantity",
              "dqpath" : "onhand_quantity"
            }, {
              "type" : "STRING",
              "sqpath" : "order_date_time",
              "dqpath" : "order_date_time"
            }, {
              "type" : "LONG",
              "sqpath" : "order_quantity",
              "dqpath" : "order_quantity"
            }, {
              "type" : "DOUBLE",
              "sqpath" : "package_weight",
              "dqpath" : "package_weight"
            }, {
              "type" : "STRING",
              "sqpath" : "product_id",
              "dqpath" : "product_id"
            }, {
              "type" : "LONG",
              "sqpath" : "product_lead_time",
              "dqpath" : "product_lead_time"
            }, {
              "type" : "STRING",
              "sqpath" : "store_id",
              "dqpath" : "store_id"
            }, {
              "type" : "LONG",
              "sqpath" : "store_size",
              "dqpath" : "store_size"
            }, {
              "type" : "STRING",
              "sqpath" : "unit_of_measure",
              "dqpath" : "unit_of_measure"
            }, {
              "type" : "DOUBLE",
              "sqpath" : "unit_price",
              "dqpath" : "unit_price"
            }, {
              "type" : "DOUBLE",
              "sqpath" : "unit_weight",
              "dqpath" : "unit_weight"
            }, {
              "type" : "STRING",
              "sqpath" : "city",
              "dqpath" : "city"
            }, {
              "type" : "LONG",
              "sqpath" : "population",
              "dqpath" : "population"
            } ],
            "sqpath" : "",
            "dqpath" : ""
          }
        },
        "StreamSelector_01OutputLane1559717423312" : {
          "header" : { },
          "value" : {
            "type" : "LIST_MAP",
            "value" : [ {
              "type" : "LONG",
              "sqpath" : "store_zip",
              "dqpath" : "store_zip"
            }, {
              "type" : "LONG",
              "sqpath" : "average_monthly_usage",
              "dqpath" : "average_monthly_usage"
            }, {
              "type" : "LONG",
              "sqpath" : "maximum_order_quantity",
              "dqpath" : "maximum_order_quantity"
            }, {
              "type" : "LONG",
              "sqpath" : "minimum_order_quantity",
              "dqpath" : "minimum_order_quantity"
            }, {
              "type" : "LONG",
              "sqpath" : "onhand_quantity",
              "dqpath" : "onhand_quantity"
            }, {
              "type" : "STRING",
              "sqpath" : "order_date_time",
              "dqpath" : "order_date_time"
            }, {
              "type" : "LONG",
              "sqpath" : "order_quantity",
              "dqpath" : "order_quantity"
            }, {
              "type" : "DOUBLE",
              "sqpath" : "package_weight",
              "dqpath" : "package_weight"
            }, {
              "type" : "STRING",
              "sqpath" : "product_id",
              "dqpath" : "product_id"
            }, {
              "type" : "LONG",
              "sqpath" : "product_lead_time",
              "dqpath" : "product_lead_time"
            }, {
              "type" : "STRING",
              "sqpath" : "store_id",
              "dqpath" : "store_id"
            }, {
              "type" : "LONG",
              "sqpath" : "store_size",
              "dqpath" : "store_size"
            }, {
              "type" : "STRING",
              "sqpath" : "unit_of_measure",
              "dqpath" : "unit_of_measure"
            }, {
              "type" : "DOUBLE",
              "sqpath" : "unit_price",
              "dqpath" : "unit_price"
            }, {
              "type" : "DOUBLE",
              "sqpath" : "unit_weight",
              "dqpath" : "unit_weight"
            }, {
              "type" : "STRING",
              "sqpath" : "city",
              "dqpath" : "city"
            }, {
              "type" : "LONG",
              "sqpath" : "population",
              "dqpath" : "population"
            } ],
            "sqpath" : "",
            "dqpath" : ""
          }
        },
        "SparkSQLExpression_01OutputLane15597171428800" : {
          "header" : { },
          "value" : {
            "type" : "LIST_MAP",
            "value" : [ {
              "type" : "LONG",
              "sqpath" : "store_zip",
              "dqpath" : "store_zip"
            }, {
              "type" : "LONG",
              "sqpath" : "average_monthly_usage",
              "dqpath" : "average_monthly_usage"
            }, {
              "type" : "LONG",
              "sqpath" : "maximum_order_quantity",
              "dqpath" : "maximum_order_quantity"
            }, {
              "type" : "LONG",
              "sqpath" : "minimum_order_quantity",
              "dqpath" : "minimum_order_quantity"
            }, {
              "type" : "LONG",
              "sqpath" : "onhand_quantity",
              "dqpath" : "onhand_quantity"
            }, {
              "type" : "STRING",
              "sqpath" : "order_date_time",
              "dqpath" : "order_date_time"
            }, {
              "type" : "LONG",
              "sqpath" : "order_quantity",
              "dqpath" : "order_quantity"
            }, {
              "type" : "DOUBLE",
              "sqpath" : "package_weight",
              "dqpath" : "package_weight"
            }, {
              "type" : "STRING",
              "sqpath" : "product_id",
              "dqpath" : "product_id"
            }, {
              "type" : "LONG",
              "sqpath" : "product_lead_time",
              "dqpath" : "product_lead_time"
            }, {
              "type" : "STRING",
              "sqpath" : "store_id",
              "dqpath" : "store_id"
            }, {
              "type" : "LONG",
              "sqpath" : "store_size",
              "dqpath" : "store_size"
            }, {
              "type" : "STRING",
              "sqpath" : "unit_of_measure",
              "dqpath" : "unit_of_measure"
            }, {
              "type" : "DOUBLE",
              "sqpath" : "unit_price",
              "dqpath" : "unit_price"
            }, {
              "type" : "DOUBLE",
              "sqpath" : "unit_weight",
              "dqpath" : "unit_weight"
            }, {
              "type" : "STRING",
              "sqpath" : "city",
              "dqpath" : "city"
            }, {
              "type" : "LONG",
              "sqpath" : "population",
              "dqpath" : "population"
            }, {
              "type" : "STRING",
              "sqpath" : "concatID",
              "dqpath" : "concatID"
            }, {
              "type" : "LONG",
              "sqpath" : "incID",
              "dqpath" : "incID"
            } ],
            "sqpath" : "",
            "dqpath" : ""
          }
        },
        "Repartition_03OutputLane15597177012330" : {
          "header" : { },
          "value" : {
            "type" : "LIST_MAP",
            "value" : [ {
              "type" : "LONG",
              "sqpath" : "store_zip",
              "dqpath" : "store_zip"
            }, {
              "type" : "DOUBLE",
              "sqpath" : "unitprice",
              "dqpath" : "unitprice"
            }, {
              "type" : "DOUBLE",
              "sqpath" : "pkgweight",
              "dqpath" : "pkgweight"
            } ],
            "sqpath" : "",
            "dqpath" : ""
          }
        },
        "Sort_02OutputLane15597176958720" : {
          "header" : { },
          "value" : {
            "type" : "LIST_MAP",
            "value" : [ {
              "type" : "LONG",
              "sqpath" : "store_zip",
              "dqpath" : "store_zip"
            }, {
              "type" : "DOUBLE",
              "sqpath" : "unitprice",
              "dqpath" : "unitprice"
            }, {
              "type" : "DOUBLE",
              "sqpath" : "pkgweight",
              "dqpath" : "pkgweight"
            } ],
            "sqpath" : "",
            "dqpath" : ""
          }
        },
        "Repartition_02OutputLane15597175921600" : {
          "header" : { },
          "value" : {
            "type" : "LIST_MAP",
            "value" : [ {
              "type" : "STRING",
              "sqpath" : "unit_of_measure",
              "dqpath" : "unit_of_measure"
            }, {
              "type" : "STRING",
              "sqpath" : "city",
              "dqpath" : "city"
            }, {
              "type" : "DOUBLE",
              "sqpath" : "product_lead_time",
              "dqpath" : "product_lead_time"
            } ],
            "sqpath" : "",
            "dqpath" : ""
          }
        },
        "Aggregate_01OutputLane15597174555650" : {
          "header" : { },
          "value" : {
            "type" : "LIST_MAP",
            "value" : [ {
              "type" : "STRING",
              "sqpath" : "unit_of_measure",
              "dqpath" : "unit_of_measure"
            }, {
              "type" : "STRING",
              "sqpath" : "city",
              "dqpath" : "city"
            }, {
              "type" : "DOUBLE",
              "sqpath" : "product_lead_time",
              "dqpath" : "product_lead_time"
            } ],
            "sqpath" : "",
            "dqpath" : ""
          }
        },
        "GoogleCloudStorage_06OutputLane16063024555490" : {
          "header" : { },
          "value" : {
            "type" : "LIST_MAP",
            "value" : [ {
              "type" : "STRING",
              "sqpath" : "city",
              "dqpath" : "city"
            }, {
              "type" : "LONG",
              "sqpath" : "population",
              "dqpath" : "population"
            }, {
              "type" : "LONG",
              "sqpath" : "store_zip",
              "dqpath" : "store_zip"
            } ],
            "sqpath" : "",
            "dqpath" : ""
          }
        },
        "Sort_01OutputLane15597175688930" : {
          "header" : { },
          "value" : {
            "type" : "LIST_MAP",
            "value" : [ {
              "type" : "STRING",
              "sqpath" : "unit_of_measure",
              "dqpath" : "unit_of_measure"
            }, {
              "type" : "STRING",
              "sqpath" : "city",
              "dqpath" : "city"
            }, {
              "type" : "DOUBLE",
              "sqpath" : "product_lead_time",
              "dqpath" : "product_lead_time"
            } ],
            "sqpath" : "",
            "dqpath" : ""
          }
        },
        "Repartition_01OutputLane15597173638600" : {
          "header" : { },
          "value" : {
            "type" : "LIST_MAP",
            "value" : [ {
              "type" : "LONG",
              "sqpath" : "store_zip",
              "dqpath" : "store_zip"
            }, {
              "type" : "LONG",
              "sqpath" : "average_monthly_usage",
              "dqpath" : "average_monthly_usage"
            }, {
              "type" : "LONG",
              "sqpath" : "maximum_order_quantity",
              "dqpath" : "maximum_order_quantity"
            }, {
              "type" : "LONG",
              "sqpath" : "minimum_order_quantity",
              "dqpath" : "minimum_order_quantity"
            }, {
              "type" : "LONG",
              "sqpath" : "onhand_quantity",
              "dqpath" : "onhand_quantity"
            }, {
              "type" : "STRING",
              "sqpath" : "order_date_time",
              "dqpath" : "order_date_time"
            }, {
              "type" : "LONG",
              "sqpath" : "order_quantity",
              "dqpath" : "order_quantity"
            }, {
              "type" : "DOUBLE",
              "sqpath" : "package_weight",
              "dqpath" : "package_weight"
            }, {
              "type" : "STRING",
              "sqpath" : "product_id",
              "dqpath" : "product_id"
            }, {
              "type" : "LONG",
              "sqpath" : "product_lead_time",
              "dqpath" : "product_lead_time"
            }, {
              "type" : "STRING",
              "sqpath" : "store_id",
              "dqpath" : "store_id"
            }, {
              "type" : "LONG",
              "sqpath" : "store_size",
              "dqpath" : "store_size"
            }, {
              "type" : "STRING",
              "sqpath" : "unit_of_measure",
              "dqpath" : "unit_of_measure"
            }, {
              "type" : "DOUBLE",
              "sqpath" : "unit_price",
              "dqpath" : "unit_price"
            }, {
              "type" : "DOUBLE",
              "sqpath" : "unit_weight",
              "dqpath" : "unit_weight"
            }, {
              "type" : "STRING",
              "sqpath" : "city",
              "dqpath" : "city"
            }, {
              "type" : "LONG",
              "sqpath" : "population",
              "dqpath" : "population"
            }, {
              "type" : "STRING",
              "sqpath" : "concatID",
              "dqpath" : "concatID"
            }, {
              "type" : "LONG",
              "sqpath" : "incID",
              "dqpath" : "incID"
            } ],
            "sqpath" : "",
            "dqpath" : ""
          }
        },
        "Join_01OutputLane15597170120360" : {
          "header" : { },
          "value" : {
            "type" : "LIST_MAP",
            "value" : [ {
              "type" : "LONG",
              "sqpath" : "store_zip",
              "dqpath" : "store_zip"
            }, {
              "type" : "LONG",
              "sqpath" : "average_monthly_usage",
              "dqpath" : "average_monthly_usage"
            }, {
              "type" : "LONG",
              "sqpath" : "maximum_order_quantity",
              "dqpath" : "maximum_order_quantity"
            }, {
              "type" : "LONG",
              "sqpath" : "minimum_order_quantity",
              "dqpath" : "minimum_order_quantity"
            }, {
              "type" : "LONG",
              "sqpath" : "onhand_quantity",
              "dqpath" : "onhand_quantity"
            }, {
              "type" : "STRING",
              "sqpath" : "order_date_time",
              "dqpath" : "order_date_time"
            }, {
              "type" : "LONG",
              "sqpath" : "order_quantity",
              "dqpath" : "order_quantity"
            }, {
              "type" : "DOUBLE",
              "sqpath" : "package_weight",
              "dqpath" : "package_weight"
            }, {
              "type" : "STRING",
              "sqpath" : "product_id",
              "dqpath" : "product_id"
            }, {
              "type" : "LONG",
              "sqpath" : "product_lead_time",
              "dqpath" : "product_lead_time"
            }, {
              "type" : "STRING",
              "sqpath" : "store_id",
              "dqpath" : "store_id"
            }, {
              "type" : "LONG",
              "sqpath" : "store_size",
              "dqpath" : "store_size"
            }, {
              "type" : "STRING",
              "sqpath" : "unit_of_measure",
              "dqpath" : "unit_of_measure"
            }, {
              "type" : "DOUBLE",
              "sqpath" : "unit_price",
              "dqpath" : "unit_price"
            }, {
              "type" : "DOUBLE",
              "sqpath" : "unit_weight",
              "dqpath" : "unit_weight"
            }, {
              "type" : "STRING",
              "sqpath" : "city",
              "dqpath" : "city"
            }, {
              "type" : "LONG",
              "sqpath" : "population",
              "dqpath" : "population"
            } ],
            "sqpath" : "",
            "dqpath" : ""
          }
        }
      },
      "schemaFromPreviewUpdateTime" : 1606304937484,
      "displayMode" : "ADVANCED",
      "previewConfig" : {
        "previewSource" : "CONFIGURED_SOURCE",
        "batchSize" : 100,
        "timeout" : 120000,
        "writeToDestinations" : false,
        "executeLifecycleEvents" : false,
        "showHeader" : false,
        "showFieldType" : true,
        "rememberMe" : false,
        "endStage" : "",
        "clusterManagerType" : "CONFIGURED_CLUSTER"
      }
    },
    "fragments" : [ ],
    "stages" : [ {
      "instanceName" : "GoogleCloudStorage_05",
      "library" : "streamsets-spark-google-cloud-no-dependency-lib",
      "stageName" : "com_streamsets_pipeline_spark_origin_gcloud_GoogleCloudStorageDOrigin",
      "stageVersion" : "2",
      "configuration" : [ {
        "name" : "configBean.fileNamePattern",
        "value" : "*.json"
      }, {
        "name" : "configBean.fileNameExcludePattern",
        "value" : null
      }, {
        "name" : "configBean.batchNumFileLimit",
        "value" : 0
      }, {
        "name" : "configBean.schemaConfigBean.schemaMode",
        "value" : "INFER"
      }, {
        "name" : "configBean.schemaConfigBean.customSchemaString",
        "value" : null
      }, {
        "name" : "configBean.schemaConfigBean.parseErrorMode",
        "value" : "PERMISSIVE"
      }, {
        "name" : "configBean.schemaConfigBean.columnNameOfCorruptRecord",
        "value" : null
      }, {
        "name" : "configBean.postProcessType",
        "value" : "NONE"
      }, {
        "name" : "configBean.archiveDir",
        "value" : null
      }, {
        "name" : "configBean.dataFormatConfig.csvHeader",
        "value" : true
      }, {
        "name" : "configBean.dataFormatConfig.csvDelimiter",
        "value" : ","
      }, {
        "name" : "configBean.dataFormatConfig.csvQuote",
        "value" : "\""
      }, {
        "name" : "configBean.dataFormatConfig.csvEscape",
        "value" : "\\"
      }, {
        "name" : "configBean.dataFormatConfig.rootTag",
        "value" : "ROWS"
      }, {
        "name" : "configBean.dataFormatConfig.rowTag",
        "value" : "ROW"
      }, {
        "name" : "configBean.dataFormatConfig.multiLineJson",
        "value" : false
      }, {
        "name" : "configBean.dataFormatConfig.avroSchema",
        "value" : null
      }, {
        "name" : "configBean.dataFormatConfig.avroIgnoreExtension",
        "value" : true
      }, {
        "name" : "configBean.path",
        "value" : "gs://streamsets-support/BtRetail"
      }, {
        "name" : "configBean.dataFormat",
        "value" : "JSON"
      }, {
        "name" : "configBean.hdfsProperties",
        "value" : [ { } ]
      }, {
        "name" : "noReload",
        "value" : false
      }, {
        "name" : "cache",
        "value" : true
      }, {
        "name" : "skipOffsetTracking",
        "value" : false
      } ],
      "uiInfo" : {
        "outputStreamLabels" : null,
        "yPos" : 50,
        "stageType" : "SOURCE",
        "rawSource" : null,
        "icon" : "gcs.png",
        "description" : "",
        "inputStreamLabels" : null,
        "label" : "Retail Detail",
        "xPos" : 60,
        "displayMode" : "ADVANCED"
      },
      "inputLanes" : [ ],
      "outputLanes" : [ "GoogleCloudStorage_05OutputLane16063023062840" ],
      "eventLanes" : [ ],
      "services" : [ ]
    }, {
      "instanceName" : "GoogleCloudStorage_06",
      "library" : "streamsets-spark-google-cloud-no-dependency-lib",
      "stageName" : "com_streamsets_pipeline_spark_origin_gcloud_GoogleCloudStorageDOrigin",
      "stageVersion" : "2",
      "configuration" : [ {
        "name" : "configBean.fileNamePattern",
        "value" : "store_details.json"
      }, {
        "name" : "configBean.fileNameExcludePattern",
        "value" : null
      }, {
        "name" : "configBean.batchNumFileLimit",
        "value" : 0
      }, {
        "name" : "configBean.schemaConfigBean.schemaMode",
        "value" : "INFER"
      }, {
        "name" : "configBean.schemaConfigBean.customSchemaString",
        "value" : null
      }, {
        "name" : "configBean.schemaConfigBean.parseErrorMode",
        "value" : "PERMISSIVE"
      }, {
        "name" : "configBean.schemaConfigBean.columnNameOfCorruptRecord",
        "value" : null
      }, {
        "name" : "configBean.postProcessType",
        "value" : "NONE"
      }, {
        "name" : "configBean.archiveDir",
        "value" : null
      }, {
        "name" : "configBean.dataFormatConfig.csvHeader",
        "value" : true
      }, {
        "name" : "configBean.dataFormatConfig.csvDelimiter",
        "value" : ","
      }, {
        "name" : "configBean.dataFormatConfig.csvQuote",
        "value" : "\""
      }, {
        "name" : "configBean.dataFormatConfig.csvEscape",
        "value" : "\\"
      }, {
        "name" : "configBean.dataFormatConfig.rootTag",
        "value" : "ROWS"
      }, {
        "name" : "configBean.dataFormatConfig.rowTag",
        "value" : "ROW"
      }, {
        "name" : "configBean.dataFormatConfig.multiLineJson",
        "value" : false
      }, {
        "name" : "configBean.dataFormatConfig.avroSchema",
        "value" : null
      }, {
        "name" : "configBean.dataFormatConfig.avroIgnoreExtension",
        "value" : true
      }, {
        "name" : "configBean.path",
        "value" : "gs://streamsets-support/BTStore"
      }, {
        "name" : "configBean.dataFormat",
        "value" : "JSON"
      }, {
        "name" : "configBean.hdfsProperties",
        "value" : [ { } ]
      }, {
        "name" : "noReload",
        "value" : false
      }, {
        "name" : "cache",
        "value" : true
      }, {
        "name" : "skipOffsetTracking",
        "value" : false
      } ],
      "uiInfo" : {
        "outputStreamLabels" : null,
        "yPos" : 379.41949462890625,
        "stageType" : "SOURCE",
        "rawSource" : null,
        "icon" : "gcs.png",
        "description" : "",
        "inputStreamLabels" : null,
        "label" : "Store Details",
        "xPos" : 21.295509338378906,
        "displayMode" : "ADVANCED"
      },
      "inputLanes" : [ ],
      "outputLanes" : [ "GoogleCloudStorage_06OutputLane16063024555490" ],
      "eventLanes" : [ ],
      "services" : [ ]
    }, {
      "instanceName" : "Join_01",
      "library" : "streamsets-spark-basic-lib",
      "stageName" : "com_streamsets_pipeline_spark_transform_join_JoinDTransform",
      "stageVersion" : "2",
      "configuration" : [ {
        "name" : "configBean.joinType",
        "value" : "LEFT_OUTER"
      }, {
        "name" : "configBean.addPrefix",
        "value" : false
      }, {
        "name" : "configBean.leftPrefix",
        "value" : "left_"
      }, {
        "name" : "configBean.rightPrefix",
        "value" : "right_"
      }, {
        "name" : "configBean.joinOn",
        "value" : "COLUMNS"
      }, {
        "name" : "configBean.joinCols",
        "value" : [ "store_zip" ]
      }, {
        "name" : "configBean.condition",
        "value" : "id = cust_id"
      }, {
        "name" : "cache",
        "value" : false
      }, {
        "name" : "configBean.emptySchemaHandling",
        "value" : true
      } ],
      "uiInfo" : {
        "yPos" : 209.65325927734375,
        "stageType" : "PROCESSOR",
        "icon" : "join.png",
        "description" : "",
        "inputStreamLabels" : [ "Left Input", "Right Input" ],
        "label" : "Join 1",
        "xPos" : 254.58291625976562
      },
      "inputLanes" : [ "GoogleCloudStorage_05OutputLane16063023062840", "GoogleCloudStorage_06OutputLane16063024555490" ],
      "outputLanes" : [ "Join_01OutputLane15597170120360" ],
      "eventLanes" : [ ],
      "services" : [ ]
    }, {
      "instanceName" : "StreamSelector_01",
      "library" : "streamsets-spark-basic-lib",
      "stageName" : "com_streamsets_pipeline_spark_transform_selector_SelectorDTransform",
      "stageVersion" : "1",
      "configuration" : [ {
        "name" : "lanePredicates",
        "value" : [ {
          "outputLane" : "StreamSelector_01OutputLane1559717423312",
          "predicate" : "product_lead_time > 20"
        }, {
          "outputLane" : "StreamSelector_01OutputLane1559717414048",
          "predicate" : "default"
        } ]
      }, {
        "name" : "cache",
        "value" : false
      } ],
      "uiInfo" : {
        "yPos" : 47.52593231201172,
        "stageType" : "PROCESSOR",
        "icon" : "laneSelector.png",
        "description" : "",
        "label" : "Router",
        "xPos" : 480.53863525390625
      },
      "inputLanes" : [ "Join_01OutputLane15597170120360" ],
      "outputLanes" : [ "StreamSelector_01OutputLane1559717423312", "StreamSelector_01OutputLane1559717414048" ],
      "eventLanes" : [ ],
      "services" : [ ]
    }, {
      "instanceName" : "Repartition_01",
      "library" : "streamsets-spark-basic-lib",
      "stageName" : "com_streamsets_pipeline_spark_transform_repartition_RepartitionDTransform",
      "stageVersion" : "1",
      "configuration" : [ {
        "name" : "conf.repartitionType",
        "value" : "PARTITION_COUNT"
      }, {
        "name" : "conf.partitionSizeType",
        "value" : "NUMBER_OF_PARTITIONS"
      }, {
        "name" : "conf.integerPartitions",
        "value" : 1
      }, {
        "name" : "conf.maxRecordsPerPartition",
        "value" : 1
      }, {
        "name" : "conf.repartitionFields",
        "value" : [ ]
      }, {
        "name" : "cache",
        "value" : false
      } ],
      "uiInfo" : {
        "yPos" : 339.12327575683594,
        "stageType" : "PROCESSOR",
        "icon" : "repartition.png",
        "description" : "",
        "label" : "Repartition 1",
        "xPos" : 448.76788330078125
      },
      "inputLanes" : [ "Join_01OutputLane15597170120360" ],
      "outputLanes" : [ "Repartition_01OutputLane15597173638600" ],
      "eventLanes" : [ ],
      "services" : [ ]
    }, {
      "instanceName" : "Aggregate_01",
      "library" : "streamsets-spark-basic-lib",
      "stageName" : "com_streamsets_pipeline_spark_transform_aggr_AggregateDTransform",
      "stageVersion" : "1",
      "configuration" : [ {
        "name" : "conf.aggrTypeAndFields",
        "value" : [ {
          "aggregateType" : "AVG",
          "aggregateField" : "product_lead_time",
          "outputField" : "product_lead_time"
        } ]
      }, {
        "name" : "conf.groupByFields",
        "value" : [ "unit_of_measure", "city" ]
      }, {
        "name" : "cache",
        "value" : false
      } ],
      "uiInfo" : {
        "yPos" : 40,
        "stageType" : "PROCESSOR",
        "icon" : "aggregation.png",
        "description" : "",
        "label" : "Get Avg Lead Time",
        "xPos" : 720
      },
      "inputLanes" : [ "StreamSelector_01OutputLane1559717423312" ],
      "outputLanes" : [ "Aggregate_01OutputLane15597174555650" ],
      "eventLanes" : [ ],
      "services" : [ ]
    }, {
      "instanceName" : "Aggregate_02",
      "library" : "streamsets-spark-basic-lib",
      "stageName" : "com_streamsets_pipeline_spark_transform_aggr_AggregateDTransform",
      "stageVersion" : "1",
      "configuration" : [ {
        "name" : "conf.aggrTypeAndFields",
        "value" : [ {
          "aggregateType" : "SUM",
          "aggregateField" : "unit_price",
          "outputField" : "unitprice"
        }, {
          "aggregateType" : "SUM",
          "aggregateField" : "package_weight",
          "outputField" : "pkgweight"
        } ]
      }, {
        "name" : "conf.groupByFields",
        "value" : [ "store_zip" ]
      }, {
        "name" : "cache",
        "value" : false
      } ],
      "uiInfo" : {
        "yPos" : 195.4170684814453,
        "stageType" : "PROCESSOR",
        "icon" : "aggregation.png",
        "description" : "",
        "label" : "Total Unit Price & Weight",
        "xPos" : 704.4673461914062
      },
      "inputLanes" : [ "StreamSelector_01OutputLane1559717414048" ],
      "outputLanes" : [ "Aggregate_02OutputLane15597176886690" ],
      "eventLanes" : [ ],
      "services" : [ ]
    }, {
      "instanceName" : "Sort_01",
      "library" : "streamsets-spark-basic-lib",
      "stageName" : "com_streamsets_pipeline_spark_transform_sort_SortDTransform",
      "stageVersion" : "1",
      "configuration" : [ {
        "name" : "configs",
        "value" : [ {
          "order" : "ASC",
          "col" : "city"
        } ]
      }, {
        "name" : "sortWithinPartitions",
        "value" : false
      }, {
        "name" : "cache",
        "value" : false
      } ],
      "uiInfo" : {
        "yPos" : 41.363319396972656,
        "stageType" : "PROCESSOR",
        "icon" : "sort.png",
        "description" : "",
        "label" : "Sort by City",
        "xPos" : 940
      },
      "inputLanes" : [ "Aggregate_01OutputLane15597174555650" ],
      "outputLanes" : [ "Sort_01OutputLane15597175688930" ],
      "eventLanes" : [ ],
      "services" : [ ]
    }, {
      "instanceName" : "Sort_02",
      "library" : "streamsets-spark-basic-lib",
      "stageName" : "com_streamsets_pipeline_spark_transform_sort_SortDTransform",
      "stageVersion" : "1",
      "configuration" : [ {
        "name" : "configs",
        "value" : [ {
          "order" : "ASC",
          "col" : "store_zip"
        } ]
      }, {
        "name" : "sortWithinPartitions",
        "value" : false
      }, {
        "name" : "cache",
        "value" : false
      } ],
      "uiInfo" : {
        "yPos" : 188.35678100585938,
        "stageType" : "PROCESSOR",
        "icon" : "sort.png",
        "description" : "",
        "label" : "Sort by Zipcode",
        "xPos" : 921.6431884765625
      },
      "inputLanes" : [ "Aggregate_02OutputLane15597176886690" ],
      "outputLanes" : [ "Sort_02OutputLane15597176958720" ],
      "eventLanes" : [ ],
      "services" : [ ]
    }, {
      "instanceName" : "GoogleCloudStorage_03",
      "library" : "streamsets-spark-google-cloud-no-dependency-lib",
      "stageName" : "com_streamsets_pipeline_spark_destination_gcloud_GoogleCloudStorageDDestination",
      "stageVersion" : "2",
      "configuration" : [ {
        "name" : "configBean.writeMode",
        "value" : "OVERWRITE"
      }, {
        "name" : "configBean.fieldToWrite",
        "value" : null
      }, {
        "name" : "configBean.partitionByColumns",
        "value" : [ ]
      }, {
        "name" : "configBean.filterUnrelatedScdMasterRecords",
        "value" : false
      }, {
        "name" : "configBean.dataGeneratorFormatConfig.csvHeader",
        "value" : true
      }, {
        "name" : "configBean.dataGeneratorFormatConfig.csvDelimiter",
        "value" : ","
      }, {
        "name" : "configBean.dataGeneratorFormatConfig.csvQuote",
        "value" : "\""
      }, {
        "name" : "configBean.dataGeneratorFormatConfig.csvEscape",
        "value" : "\\"
      }, {
        "name" : "configBean.dataGeneratorFormatConfig.rootTag",
        "value" : "ROWS"
      }, {
        "name" : "configBean.dataGeneratorFormatConfig.rowTag",
        "value" : "ROW"
      }, {
        "name" : "configBean.path",
        "value" : "gs://streamsets-support/BTtestOut/lead_time"
      }, {
        "name" : "configBean.dataFormat",
        "value" : "CSV"
      }, {
        "name" : "configBean.hdfsProperties",
        "value" : [ { } ]
      } ],
      "uiInfo" : {
        "outputStreamLabels" : null,
        "yPos" : 40,
        "stageType" : "TARGET",
        "rawSource" : null,
        "icon" : "gcs.png",
        "description" : "",
        "inputStreamLabels" : null,
        "label" : "Lead Time",
        "xPos" : 1160
      },
      "inputLanes" : [ "Sort_01OutputLane15597175688930" ],
      "outputLanes" : [ ],
      "eventLanes" : [ ],
      "services" : [ ]
    }, {
      "instanceName" : "GoogleCloudStorage_04",
      "library" : "streamsets-spark-google-cloud-no-dependency-lib",
      "stageName" : "com_streamsets_pipeline_spark_destination_gcloud_GoogleCloudStorageDDestination",
      "stageVersion" : "2",
      "configuration" : [ {
        "name" : "configBean.writeMode",
        "value" : "OVERWRITE"
      }, {
        "name" : "configBean.fieldToWrite",
        "value" : null
      }, {
        "name" : "configBean.partitionByColumns",
        "value" : [ ]
      }, {
        "name" : "configBean.filterUnrelatedScdMasterRecords",
        "value" : false
      }, {
        "name" : "configBean.dataGeneratorFormatConfig.csvHeader",
        "value" : true
      }, {
        "name" : "configBean.dataGeneratorFormatConfig.csvDelimiter",
        "value" : ","
      }, {
        "name" : "configBean.dataGeneratorFormatConfig.csvQuote",
        "value" : "\""
      }, {
        "name" : "configBean.dataGeneratorFormatConfig.csvEscape",
        "value" : "\\"
      }, {
        "name" : "configBean.dataGeneratorFormatConfig.rootTag",
        "value" : "ROWS"
      }, {
        "name" : "configBean.dataGeneratorFormatConfig.rowTag",
        "value" : "ROW"
      }, {
        "name" : "configBean.path",
        "value" : "gs://streamsets-support/BTtestOut/package_weight"
      }, {
        "name" : "configBean.dataFormat",
        "value" : "CSV"
      }, {
        "name" : "configBean.hdfsProperties",
        "value" : [ { } ]
      } ],
      "uiInfo" : {
        "outputStreamLabels" : null,
        "yPos" : 294.94813537597656,
        "stageType" : "TARGET",
        "rawSource" : null,
        "icon" : "gcs.png",
        "description" : "",
        "inputStreamLabels" : null,
        "label" : "Package Weight",
        "xPos" : 1152.5626220703125
      },
      "inputLanes" : [ "Sort_02OutputLane15597176958720" ],
      "outputLanes" : [ ],
      "eventLanes" : [ ],
      "services" : [ ]
    }, {
      "instanceName" : "GoogleBigQuery_01",
      "library" : "streamsets-spark-google-cloud-no-dependency-lib",
      "stageName" : "com_streamsets_pipeline_spark_destination_gcloud_bigquery_BigQueryDDestination",
      "stageVersion" : "3",
      "configuration" : [ {
        "name" : "configBean.dataset",
        "value" : "rishi_test"
      }, {
        "name" : "configBean.table",
        "value" : "LEAD_TIME"
      }, {
        "name" : "configBean.bucket",
        "value" : "gs://streamsets-support/BTtestOut/Bigquerystage"
      }, {
        "name" : "configBean.writeMode",
        "value" : "INSERT"
      }, {
        "name" : "configBean.mergeConfigBean",
        "value" : [ {
          "whenClause" : "WHEN_MATCHED",
          "operation" : "UPDATE"
        } ]
      }, {
        "name" : "configBean.create",
        "value" : true
      }, {
        "name" : "configBean.truncate",
        "value" : true
      }, {
        "name" : "configBean.allowFieldAddition",
        "value" : true
      }, {
        "name" : "configBean.allowFieldRelaxation",
        "value" : true
      }, {
        "name" : "configBean.joinKeys",
        "value" : [ "" ]
      } ],
      "uiInfo" : {
        "outputStreamLabels" : null,
        "yPos" : 170.6627960205078,
        "stageType" : "TARGET",
        "rawSource" : null,
        "icon" : "bigquery.png",
        "description" : "",
        "inputStreamLabels" : null,
        "label" : "Lead Time",
        "xPos" : 1155.53759765625
      },
      "inputLanes" : [ "Sort_01OutputLane15597175688930" ],
      "outputLanes" : [ ],
      "eventLanes" : [ ],
      "services" : [ ]
    }, {
      "instanceName" : "GoogleBigQuery_02",
      "library" : "streamsets-spark-google-cloud-no-dependency-lib",
      "stageName" : "com_streamsets_pipeline_spark_destination_gcloud_bigquery_BigQueryDDestination",
      "stageVersion" : "3",
      "configuration" : [ {
        "name" : "configBean.dataset",
        "value" : "rishi_test"
      }, {
        "name" : "configBean.table",
        "value" : "PACKAGE_WEIGHT"
      }, {
        "name" : "configBean.bucket",
        "value" : "gs://streamsets-support/BTtestOut/Bigquerystage"
      }, {
        "name" : "configBean.writeMode",
        "value" : "INSERT"
      }, {
        "name" : "configBean.mergeConfigBean",
        "value" : [ {
          "whenClause" : "WHEN_MATCHED",
          "operation" : "UPDATE"
        } ]
      }, {
        "name" : "configBean.create",
        "value" : true
      }, {
        "name" : "configBean.truncate",
        "value" : true
      }, {
        "name" : "configBean.allowFieldAddition",
        "value" : true
      }, {
        "name" : "configBean.allowFieldRelaxation",
        "value" : true
      }, {
        "name" : "configBean.joinKeys",
        "value" : [ "" ]
      } ],
      "uiInfo" : {
        "outputStreamLabels" : null,
        "yPos" : 449.4105529785156,
        "stageType" : "TARGET",
        "rawSource" : null,
        "icon" : "bigquery.png",
        "description" : "",
        "inputStreamLabels" : null,
        "label" : "Package Weight",
        "xPos" : 1160
      },
      "inputLanes" : [ "Sort_02OutputLane15597176958720" ],
      "outputLanes" : [ ],
      "eventLanes" : [ ],
      "services" : [ ]
    }, {
      "instanceName" : "SparkSQLExpression_01",
      "library" : "streamsets-spark-basic-lib",
      "stageName" : "com_streamsets_pipeline_spark_transform_evaluator_SQLEvaluatorDTransform",
      "stageVersion" : "2",
      "configuration" : [ {
        "name" : "config.expressions",
        "value" : [ {
          "fieldName" : "concatID",
          "sqlExpression" : "concat (order_date_time, '_', product_id)",
          "enableCastToType" : false,
          "castToType" : null,
          "precision" : null,
          "scale" : null
        }, {
          "sqlExpression" : "monotonically_increasing_id()",
          "fieldName" : "incID",
          "enableCastToType" : false,
          "castToType" : null,
          "precision" : null,
          "scale" : null
        } ]
      }, {
        "name" : "cache",
        "value" : false
      } ],
      "uiInfo" : {
        "yPos" : 388.8133850097656,
        "stageType" : "PROCESSOR",
        "icon" : "expression.png",
        "description" : "",
        "label" : "Generate IDs",
        "xPos" : 664.0245971679688
      },
      "inputLanes" : [ "Repartition_01OutputLane15597173638600" ],
      "outputLanes" : [ "SparkSQLExpression_01OutputLane15597171428800" ],
      "eventLanes" : [ ],
      "services" : [ ]
    }, {
      "instanceName" : "GoogleCloudStorage_02",
      "library" : "streamsets-spark-google-cloud-no-dependency-lib",
      "stageName" : "com_streamsets_pipeline_spark_destination_gcloud_GoogleCloudStorageDDestination",
      "stageVersion" : "2",
      "configuration" : [ {
        "name" : "configBean.writeMode",
        "value" : "OVERWRITE"
      }, {
        "name" : "configBean.fieldToWrite",
        "value" : null
      }, {
        "name" : "configBean.partitionByColumns",
        "value" : [ ]
      }, {
        "name" : "configBean.filterUnrelatedScdMasterRecords",
        "value" : false
      }, {
        "name" : "configBean.dataGeneratorFormatConfig.csvHeader",
        "value" : true
      }, {
        "name" : "configBean.dataGeneratorFormatConfig.csvDelimiter",
        "value" : ","
      }, {
        "name" : "configBean.dataGeneratorFormatConfig.csvQuote",
        "value" : "\""
      }, {
        "name" : "configBean.dataGeneratorFormatConfig.csvEscape",
        "value" : "\\"
      }, {
        "name" : "configBean.dataGeneratorFormatConfig.rootTag",
        "value" : "ROWS"
      }, {
        "name" : "configBean.dataGeneratorFormatConfig.rowTag",
        "value" : "ROW"
      }, {
        "name" : "configBean.path",
        "value" : "gs://streamsets-support/BTtestOut/detail"
      }, {
        "name" : "configBean.dataFormat",
        "value" : "CSV"
      }, {
        "name" : "configBean.hdfsProperties",
        "value" : [ { } ]
      } ],
      "uiInfo" : {
        "outputStreamLabels" : null,
        "yPos" : 390.3008728027344,
        "stageType" : "TARGET",
        "rawSource" : null,
        "icon" : "gcs.png",
        "description" : "",
        "inputStreamLabels" : null,
        "label" : "Store Details",
        "xPos" : 911.834228515625
      },
      "inputLanes" : [ "SparkSQLExpression_01OutputLane15597171428800" ],
      "outputLanes" : [ ],
      "eventLanes" : [ ],
      "services" : [ ]
    } ],
    "errorStage" : null,
    "info" : {
      "pipelineId" : "002Retai15424d43-d7f2-4a72-8301-55c2c0937236",
      "title" : "Retail Transactions - GCP",
      "description" : "Reads from S3 and writes to ADLS",
      "created" : 1619086676944,
      "lastModified" : 1620111058751,
      "creator" : "admin",
      "lastModifier" : "rishi@dpmsupport",
      "lastRev" : "0",
      "uuid" : "4c6408a8-8286-48c3-83c9-534d01de0c32",
      "valid" : true,
      "metadata" : {
        "labels" : [ "Transformer - Standard Demo" ],
        "dpm.base.url" : "https://trailer.streamsetscloud.com",
        "dpm.pipeline.id" : "1aaf8c87-2bd7-4d05-b6d3-250ffb3de3fa:streamsets-emea",
        "dpm.pipeline.commit.id" : "fce4d138-a9e7-4ec5-84d4-6896de23ee15:streamsets-emea",
        "dpm.pipeline.rules.id" : "e3f63f6c-c787-47ff-ad24-576cad3e1a92:streamsets-emea",
        "dpm.pipeline.version" : "1",
        "dpm.pipeline.connections" : ""
      },
      "name" : "002Retai15424d43-d7f2-4a72-8301-55c2c0937236",
      "sdcVersion" : "3.19.0-SNAPSHOT",
      "sdcId" : "cdafe400-826b-11eb-a9b7-f187b0638753"
    },
    "metadata" : {
      "labels" : [ "Transformer - Standard Demo" ],
      "dpm.base.url" : "https://trailer.streamsetscloud.com",
      "dpm.pipeline.id" : "1aaf8c87-2bd7-4d05-b6d3-250ffb3de3fa:streamsets-emea",
      "dpm.pipeline.commit.id" : "fce4d138-a9e7-4ec5-84d4-6896de23ee15:streamsets-emea",
      "dpm.pipeline.rules.id" : "e3f63f6c-c787-47ff-ad24-576cad3e1a92:streamsets-emea",
      "dpm.pipeline.version" : "1",
      "dpm.pipeline.connections" : ""
    },
    "statsAggregatorStage" : {
      "instanceName" : "WritetoControlHubdirectly_ErrorStage",
      "library" : "streamsets-spark-basic-lib",
      "stageName" : "com_streamsets_pipeline_stage_destination_devnull_StatsDpmDirectlyDTarget",
      "stageVersion" : "1",
      "configuration" : [ ],
      "uiInfo" : {
        "outputStreamLabels" : null,
        "yPos" : 50,
        "stageType" : "TARGET",
        "rawSource" : null,
        "icon" : "",
        "description" : "",
        "inputStreamLabels" : null,
        "label" : "Error Records - Write to Control Hub directly",
        "xPos" : 1600
      },
      "inputLanes" : [ ],
      "outputLanes" : [ ],
      "eventLanes" : [ ],
      "services" : [ ]
    },
    "startEventStages" : [ ],
    "stopEventStages" : [ ],
    "testOriginStage" : null,
    "issues" : {
      "pipelineIssues" : [ ],
      "stageIssues" : { },
      "issueCount" : 0
    },
    "previewable" : true,
    "valid" : true
  },
  "pipelineRules" : {
    "schemaVersion" : 3,
    "version" : 2,
    "metricsRuleDefinitions" : [ {
      "id" : "badRecordsAlertID",
      "alertText" : "High incidence of Error Records",
      "metricId" : "pipeline.batchErrorRecords.counter",
      "metricType" : "COUNTER",
      "metricElement" : "COUNTER_COUNT",
      "condition" : "${value() > 100}",
      "sendEmail" : false,
      "enabled" : false,
      "timestamp" : 1559716159721,
      "valid" : true
    }, {
      "id" : "stageErrorAlertID",
      "alertText" : "High incidence of Stage Errors",
      "metricId" : "pipeline.batchErrorMessages.counter",
      "metricType" : "COUNTER",
      "metricElement" : "COUNTER_COUNT",
      "condition" : "${value() > 100}",
      "sendEmail" : false,
      "enabled" : false,
      "timestamp" : 1559716159721,
      "valid" : true
    }, {
      "id" : "idleGaugeID",
      "alertText" : "Pipeline is Idle",
      "metricId" : "RuntimeStatsGauge.gauge",
      "metricType" : "GAUGE",
      "metricElement" : "TIME_OF_LAST_RECEIVED_RECORD",
      "condition" : "${time:now() - value() > 120000}",
      "sendEmail" : false,
      "enabled" : false,
      "timestamp" : 1559716159721,
      "valid" : true
    }, {
      "id" : "batchTimeAlertID",
      "alertText" : "Batch taking more time to process",
      "metricId" : "RuntimeStatsGauge.gauge",
      "metricType" : "GAUGE",
      "metricElement" : "CURRENT_BATCH_AGE",
      "condition" : "${value() > 200}",
      "sendEmail" : false,
      "enabled" : false,
      "timestamp" : 1559716159721,
      "valid" : true
    } ],
    "dataRuleDefinitions" : [ ],
    "driftRuleDefinitions" : [ ],
    "uuid" : "17afa8d9-6ed8-4575-b0cf-530d882b39d3",
    "configuration" : [ {
      "name" : "emailIDs",
      "value" : [ ]
    }, {
      "name" : "webhookConfigs",
      "value" : [ ]
    } ],
    "ruleIssues" : [ ],
    "configIssues" : [ ]
  },
  "libraryDefinitions" : null
}